frame,robot_hand_x,robot_hand_y,robot_hand_z,human_hand_x,human_hand_y,human_hand_z,object_x,object_y,object_z
1,0.6100000143051147,-0.35459935665130615,1.5798532962799072,0.46661868691444397,0.5507351160049438,1.0742213726043701,0.6010990142822266,0.26213154196739197,0.9595772624015808
10,0.6100000143051147,-0.36136624217033386,1.5747478008270264,0.4725930988788605,0.546556293964386,1.0813084840774536,0.6011191010475159,0.26212388277053833,0.9595579504966736
20,0.6100000143051147,-0.36548149585723877,1.5857906341552734,0.4762430191040039,0.5399049520492554,1.0868393182754517,0.6011437177658081,0.26212388277053833,0.9595416784286499
30,0.6100000143051147,-0.3647395968437195,1.6143708229064941,0.47740039229393005,0.5314412117004395,1.0903669595718384,0.6011627912521362,0.2621348798274994,0.9595395922660828
40,0.6100000739097595,-0.36399927735328674,1.65458345413208,0.47674086689949036,0.521477222442627,1.0923709869384766,0.6011775732040405,0.26215165853500366,0.959549069404602
50,0.6100000143051147,-0.3665790259838104,1.691874623298645,0.47494012117385864,0.510325014591217,1.093331217765808,0.6011903882026672,0.2621682286262512,0.9595662951469421
60,0.6100000143051147,-0.36909255385398865,1.721924066543579,0.4726737439632416,0.4982966482639313,1.0937275886535645,0.6012038588523865,0.2621784508228302,0.959587037563324
70,0.6100000143051147,-0.37124204635620117,1.7458239793777466,0.4706173837184906,0.4857041537761688,1.0940396785736084,0.6012204885482788,0.26217612624168396,0.9596071839332581
80,0.6100000143051147,-0.3731136620044708,1.764643907546997,0.46944671869277954,0.47285962104797363,1.0947474241256714,0.6012428998947144,0.2621552050113678,0.9596227407455444
90,0.6100000143051147,-0.37476998567581177,1.7793042659759521,0.4696182608604431,0.460069477558136,1.0961519479751587,0.6012729406356812,0.2621106803417206,0.9596297740936279
100,0.6100000143051147,-0.37625551223754883,1.7905844449996948,0.47071221470832825,0.44761770963668823,1.0978403091430664,0.6013088226318359,0.262045681476593,0.9596269726753235
110,0.6100000143051147,-0.3776020109653473,1.7991373538970947,0.4720897078514099,0.4357827603816986,1.099221110343933,0.6013457775115967,0.2619689404964447,0.9596143364906311
120,0.6100000143051147,-0.37883222103118896,1.8055051565170288,0.4731118083000183,0.4248429834842682,1.0997028350830078,0.601378858089447,0.2618899643421173,0.9595922827720642
130,0.6100000143051147,-0.3799625337123871,1.8101338148117065,0.47328993678092957,0.41493815183639526,1.0988881587982178,0.6014038920402527,0.26181739568710327,0.959561288356781
140,0.60999995470047,-0.3810034394264221,1.8133876323699951,0.47273656725883484,0.4056535065174103,1.0971570014953613,0.6014224290847778,0.2617534399032593,0.9595231413841248
150,0.60999995470047,-0.3819639980792999,1.815563440322876,0.47171446681022644,0.39643561840057373,1.0950833559036255,0.6014401316642761,0.26169589161872864,0.959480345249176
160,0.60999995470047,-0.3828524649143219,1.8169022798538208,0.4704863727092743,0.3867310583591461,1.0932412147521973,0.601463258266449,0.26164180040359497,0.9594355225563049
170,0.6099989414215088,-0.37980303168296814,1.820820927619934,0.4692912697792053,0.37621739506721497,1.0920294523239136,0.6014970541000366,0.2615889608860016,0.9593912363052368
180,0.6099952459335327,-0.37670522928237915,1.8244121074676514,0.4682729244232178,0.3654961884021759,1.0911458730697632,0.6015400290489197,0.2615399956703186,0.9593492150306702
190,0.6099864840507507,-0.37410807609558105,1.8272908926010132,0.4675513207912445,0.3553999364376068,1.0901134014129639,0.6015861630439758,0.26150083541870117,0.9593106508255005
200,0.6099767684936523,-0.3723800778388977,1.8291139602661133,0.46724647283554077,0.34676116704940796,1.0884547233581543,0.6016285419464111,0.2614779472351074,0.9592766165733337
210,0.6099650859832764,-0.37089022994041443,1.8305277824401855,0.4674151539802551,0.34012022614479065,1.0858280658721924,0.6016607880592346,0.26147714257240295,0.9592480063438416
220,0.6099499464035034,-0.369350790977478,1.8318852186203003,0.46786123514175415,0.33484870195388794,1.0824335813522339,0.6016793847084045,0.2614996135234833,0.9592234492301941
230,0.6099354028701782,-0.3680437505245209,1.8329263925552368,0.4683253765106201,0.3300260901451111,1.0786070823669434,0.6016828417778015,0.26154330372810364,0.9592004418373108
240,0.60992830991745,-0.367068886756897,1.8335539102554321,0.4685482382774353,0.3247317671775818,1.0746843814849854,0.60166996717453,0.26160573959350586,0.9591761231422424
250,0.6099224090576172,-0.36621078848838806,1.8340229988098145,0.46835529804229736,0.3183342516422272,1.0709333419799805,0.6016404032707214,0.26168352365493774,0.959148108959198
260,0.609916627407074,-0.3654514253139496,1.8343698978424072,0.4679112434387207,0.31135815382003784,1.067352294921875,0.60159832239151,0.26176705956459045,0.9591174125671387
270,0.6099103093147278,-0.364777535200119,1.8346213102340698,0.46746546030044556,0.3046170771121979,1.0638713836669922,0.6015512347221375,0.26184260845184326,0.9590872526168823
280,0.6099032163619995,-0.36417824029922485,1.8347983360290527,0.4672674834728241,0.2989247441291809,1.0604212284088135,0.6015070676803589,0.2618957459926605,0.959061324596405
290,0.6098952889442444,-0.3636443614959717,1.834917664527893,0.4675082862377167,0.29485204815864563,1.056931495666504,0.6014727354049683,0.2619141936302185,0.9590427279472351
300,0.6098862886428833,-0.36316806077957153,1.834992527961731,0.4681452214717865,0.29199913144111633,1.0533288717269897,0.601446807384491,0.2619004249572754,0.9590317606925964
310,0.6098763346672058,-0.36274248361587524,1.8350335359573364,0.46907711029052734,0.28972339630126953,1.0495392084121704,0.6014226078987122,0.261866956949234,0.9590266942977905
320,0.609865665435791,-0.3623618185520172,1.8350489139556885,0.47020283341407776,0.2873822748661041,1.0454885959625244,0.6013922691345215,0.26182788610458374,0.9590253829956055
330,0.6098544001579285,-0.36202093958854675,1.8350450992584229,0.4714217483997345,0.28451910614967346,1.0411596298217773,0.6013495922088623,0.26179584860801697,0.9590258002281189
340,0.6098427176475525,-0.36171531677246094,1.8350274562835693,0.47263503074645996,0.28142091631889343,1.0367615222930908,0.6012973785400391,0.26177293062210083,0.9590259790420532
350,0.6098307967185974,-0.36144107580184937,1.834999918937683,0.47374433279037476,0.27856066823005676,1.032560110092163,0.6012449860572815,0.26175394654273987,0.9590240120887756
360,0.6098188161849976,-0.36119475960731506,1.834965705871582,0.4746512770652771,0.27641135454177856,1.0288212299346924,0.6012028455734253,0.26173269748687744,0.9590180516242981
370,0.609807014465332,-0.3609732687473297,1.8349273204803467,0.47528865933418274,0.27530309557914734,1.025715947151184,0.6011791229248047,0.2617032825946808,0.9590070843696594
380,0.6097953915596008,-0.3607740104198456,1.8348865509033203,0.47571370005607605,0.27499473094940186,1.0230361223220825,0.6011683344841003,0.26166340708732605,0.9589964151382446
390,0.6097842454910278,-0.3605945408344269,1.834844946861267,0.4760148227214813,0.2751023471355438,1.0204789638519287,0.6011551022529602,0.2616131007671356,0.9589954614639282
400,0.6097735166549683,-0.36043283343315125,1.8348033428192139,0.4762803912162781,0.27524200081825256,1.017741322517395,0.6011227965354919,0.26155272126197815,0.9590142965316772
410,0.6097633838653564,-0.3602869510650635,1.834762692451477,0.4765830338001251,0.27511897683143616,1.0146299600601196,0.6010608673095703,0.26148441433906555,0.9590595960617065
420,0.6097537875175476,-0.360155314207077,1.8347235918045044,0.4769322872161865,0.27479565143585205,1.0113893747329712,0.601000964641571,0.2614217698574066,0.9591148495674133
430,0.6097448468208313,-0.3600364327430725,1.8346863985061646,0.47732192277908325,0.2744236886501312,1.0083736181259155,0.6010040640830994,0.26138636469841003,0.9591473340988159
440,0.6097365617752075,-0.35992899537086487,1.834651231765747,0.47774574160575867,0.2741546928882599,1.0059367418289185,0.6011351943016052,0.26140087842941284,0.9591223001480103
450,0.6097289323806763,-0.3598318099975586,1.8346184492111206,0.4781959056854248,0.2741023302078247,1.0043164491653442,0.6014472246170044,0.26148393750190735,0.959010660648346
460,0.6097218990325928,-0.3597438931465149,1.8345879316329956,0.47865837812423706,0.27422839403152466,1.0032854080200195,0.6019042134284973,0.2616249918937683,0.9588268399238586
470,0.6097155213356018,-0.35966429114341736,1.834559679031372,0.4791174530982971,0.2744567096233368,1.0024999380111694,0.602409839630127,0.2617936134338379,0.9586147665977478
480,0.609709620475769,-0.35959216952323914,1.8345338106155396,0.47955748438835144,0.2747110426425934,1.0016162395477295,0.6028586626052856,0.26195648312568665,0.9584226012229919
490,0.609704315662384,-0.3595268130302429,1.834510087966919,0.479953408241272,0.2749233841896057,1.0004044771194458,0.6031573414802551,0.2620846629142761,0.9582930207252502
500,0.609699547290802,-0.3594675362110138,1.8344885110855103,0.48024237155914307,0.27505815029144287,0.9990905523300171,0.6033006906509399,0.26218166947364807,0.9582262635231018
510,0.6096952557563782,-0.359413743019104,1.834468960762024,0.48035210371017456,0.2750879228115082,0.9980142116546631,0.6033440828323364,0.26227325201034546,0.958193838596344
520,0.6096913814544678,-0.35936489701271057,1.8344513177871704,0.4802103638648987,0.27498531341552734,0.9975152015686035,0.6033515930175781,0.2623884975910187,0.9581629037857056
530,0.609687864780426,-0.3593205511569977,1.8344354629516602,0.4797857701778412,0.2747325301170349,0.9978170394897461,0.6033815145492554,0.26255205273628235,0.9581049084663391
540,0.6096847653388977,-0.35928022861480713,1.834421157836914,0.4792105555534363,0.27435049414634705,0.9986781477928162,0.6034443974494934,0.262756884098053,0.9580241441726685
550,0.609682023525238,-0.35924357175827026,1.8344084024429321,0.4786578118801117,0.2738697826862335,0.9997408390045166,0.6035184860229492,0.2629738748073578,0.9579474329948425
560,0.6096795201301575,-0.35921022295951843,1.8343970775604248,0.47830069065093994,0.2733209729194641,1.0006475448608398,0.6035771369934082,0.26317092776298523,0.9579047560691833
570,0.6096773743629456,-0.35917985439300537,1.834386944770813,0.4782640337944031,0.27274826169013977,1.0011286735534668,0.6035981774330139,0.263320654630661,0.9579219818115234
580,0.609675407409668,-0.3591521978378296,1.8343781232833862,0.4784795939922333,0.27225053310394287,1.001268744468689,0.6035938262939453,0.26343169808387756,0.9579944014549255
590,0.6096737384796143,-0.3591269850730896,1.8343702554702759,0.47883090376853943,0.2719402313232422,1.0012404918670654,0.6035997867584229,0.26353728771209717,0.9580961465835571
600,0.6096722483634949,-0.3591040074825287,1.834363341331482,0.47920137643814087,0.27192986011505127,1.0012164115905762,0.6036553382873535,0.2636743485927582,0.9581984281539917
610,0.6096709370613098,-0.35908305644989014,1.8343573808670044,0.47950053215026855,0.2722918391227722,1.0013281106948853,0.603794276714325,0.26387593150138855,0.9582745432853699
620,0.6096698045730591,-0.35906392335891724,1.8343522548675537,0.4797418415546417,0.2729383111000061,1.0015418529510498,0.6040109992027283,0.2641468942165375,0.9583154916763306
630,0.6096687912940979,-0.35904645919799805,1.8343477249145508,0.4799647033214569,0.27374133467674255,1.0017826557159424,0.6042728424072266,0.26447275280952454,0.9583241939544678
640,0.609667956829071,-0.35903048515319824,1.8343439102172852,0.4802085757255554,0.27457302808761597,1.0019755363464355,0.604543149471283,0.2648361325263977,0.9583054780960083
650,0.609667181968689,-0.35901588201522827,1.8343405723571777,0.48050379753112793,0.2753320336341858,1.002069354057312,0.6047905683517456,0.2652198374271393,0.9582669138908386
660,0.6096665263175964,-0.3590025305747986,1.834337830543518,0.4808444380760193,0.276023268699646,1.002108097076416,0.6050223112106323,0.2656099200248718,0.9582341313362122
670,0.6096659898757935,-0.35899031162261963,1.8343355655670166,0.4812154769897461,0.27667832374572754,1.0021600723266602,0.605272114276886,0.2659946084022522,0.9582451581954956
680,0.60966557264328,-0.35897913575172424,1.8343337774276733,0.48160186409950256,0.2773286998271942,1.0022929906845093,0.6055777072906494,0.2663624882698059,0.9583398699760437
690,0.6096651554107666,-0.3589688837528229,1.8343322277069092,0.4819881319999695,0.27800101041793823,1.0025439262390137,0.6059713363647461,0.2667059004306793,0.9585504531860352
700,0.6096648573875427,-0.35895946621894836,1.8343310356140137,0.4823569655418396,0.2787021994590759,1.0028257369995117,0.6064466238021851,0.2670433819293976,0.9588555097579956
710,0.6096645593643188,-0.35895082354545593,1.8343302011489868,0.48269057273864746,0.2794342637062073,1.0030202865600586,0.6069704294204712,0.26741132140159607,0.9591965079307556
720,0.6096643805503845,-0.3589428961277008,1.834329605102539,0.4829712212085724,0.28019917011260986,1.0030092000961304,0.6075058579444885,0.2678487002849579,0.9595098495483398
730,0.6096642017364502,-0.3589356243610382,1.8343291282653809,0.4831945300102234,0.28098994493484497,1.0027484893798828,0.6080200672149658,0.268386572599411,0.9597450494766235
740,0.6096640825271606,-0.358928918838501,1.8343290090560913,0.48340991139411926,0.28176361322402954,1.0024899244308472,0.608511745929718,0.2689988315105438,0.9599463939666748
750,0.6096639633178711,-0.35892271995544434,1.8343290090560913,0.4836801588535309,0.28246814012527466,1.0025594234466553,0.6090013384819031,0.2696201205253601,0.9602233171463013
760,0.6096639037132263,-0.3589169979095459,1.8343291282653809,0.4840681254863739,0.2830515503883362,1.0032827854156494,0.609512209892273,0.27017951011657715,0.9606946706771851
770,0.6096638441085815,-0.3589117228984833,1.8343294858932495,0.4846193194389343,0.2834792733192444,1.004866123199463,0.6100643873214722,0.2706153392791748,0.9614603519439697
780,0.6096638441085815,-0.3589068651199341,1.8343298435211182,0.48531025648117065,0.2837863862514496,1.007035255432129,0.6106516122817993,0.2709343731403351,0.962483286857605
790,0.6096638441085815,-0.35890236496925354,1.834330439567566,0.48610013723373413,0.2840253412723541,1.0093965530395508,0.6112493872642517,0.2711902856826782,0.9636321663856506
800,0.6096638441085815,-0.35889819264411926,1.8343310356140137,0.4869481921195984,0.2842487096786499,1.0115560293197632,0.6118308305740356,0.271443635225296,0.9647621512413025
810,0.6096639037132263,-0.35889431834220886,1.834331750869751,0.4878237843513489,0.2844998836517334,1.013251543045044,0.6123754978179932,0.2717479169368744,0.9657526612281799
820,0.6096639633178711,-0.35889074206352234,1.8343324661254883,0.4887368083000183,0.2847862243652344,1.014748215675354,0.6129106879234314,0.27210333943367004,0.9666609168052673
830,0.6096640229225159,-0.3588874340057373,1.8343333005905151,0.489707350730896,0.28510597348213196,1.0164427757263184,0.6134965419769287,0.27247369289398193,0.96766597032547
840,0.6096640825271606,-0.358884334564209,1.834334135055542,0.4907554090023041,0.28545743227005005,1.0187323093414307,0.614197850227356,0.27281737327575684,0.9689647555351257
850,0.6096641421318054,-0.35888147354125977,1.8343349695205688,0.4918915629386902,0.285834938287735,1.0218870639801025,0.6150709390640259,0.27309656143188477,0.9707283973693848
860,0.6096642017364502,-0.35887882113456726,1.8343359231948853,0.4930882751941681,0.28621700406074524,1.025672197341919,0.6161099672317505,0.27330368757247925,0.9729393720626831
870,0.6096643209457397,-0.3588763475418091,1.834336757659912,0.49430859088897705,0.2865782380104065,1.029726505279541,0.6172665357589722,0.2734517455101013,0.9754502177238464
880,0.6096643805503845,-0.35887402296066284,1.8343377113342285,0.4955154359340668,0.28689324855804443,1.0336883068084717,0.6184861063957214,0.2735568583011627,0.9780948162078857
890,0.6096644997596741,-0.3588718771934509,1.834338665008545,0.49667882919311523,0.2871514856815338,1.0373055934906006,0.6197159886360168,0.2736366391181946,0.9807217717170715
900,0.6096646189689636,-0.35886985063552856,1.8343396186828613,0.4977967143058777,0.28740194439888,1.0407609939575195,0.6209211349487305,0.2737177014350891,0.9832955002784729
910,0.6096646785736084,-0.35886797308921814,1.8343405723571777,0.4988740086555481,0.28770846128463745,1.044346809387207,0.6220787763595581,0.273832768201828,0.9858596324920654
920,0.609664797782898,-0.35886621475219727,1.8343415260314941,0.49991562962532043,0.2881348431110382,1.0483547449111938,0.6231677532196045,0.2740153670310974,0.9884695410728455
930,0.6096648573875427,-0.35886454582214355,1.8343424797058105,0.5009375214576721,0.2887250781059265,1.0529853105545044,0.6241705417633057,0.27429455518722534,0.9911714196205139
940,0.6096649765968323,-0.3588630259037018,1.834343433380127,0.5019997358322144,0.2894434928894043,1.0580724477767944,0.6250923871994019,0.2746671438217163,0.9939408302307129
950,0.6096650958061218,-0.3588615655899048,1.8343442678451538,0.5031731724739075,0.2902345359325409,1.0633586645126343,0.6259540319442749,0.2751079201698303,0.9967047572135925
960,0.6096651554107666,-0.35886019468307495,1.8343452215194702,0.5045288801193237,0.2910427153110504,1.0685864686965942,0.6267786622047424,0.27558842301368713,0.999383270740509
970,0.6096652746200562,-0.35885894298553467,1.834346055984497,0.5061087608337402,0.29182231426239014,1.0735572576522827,0.6275842785835266,0.27607831358909607,1.0019140243530273
980,0.6096653342247009,-0.3588577210903168,1.8343470096588135,0.5078380703926086,0.29256710410118103,1.0783082246780396,0.6283531188964844,0.2765362858772278,1.00436270236969
990,0.6096654534339905,-0.35885658860206604,1.8343478441238403,0.5096130967140198,0.29328081011772156,1.0829353332519531,0.6290425062179565,0.2769136130809784,1.006882667541504
1000,0.6096655130386353,-0.35885554552078247,1.8343486785888672,0.5113300681114197,0.29396700859069824,1.0875346660614014,0.6296063661575317,0.2771603763103485,1.0096399784088135
1010,0.6096656322479248,-0.3588545322418213,1.8343493938446045,0.5129163861274719,0.2946329414844513,1.0921735763549805,0.6300095915794373,0.2772344946861267,1.0127800703048706
1020,0.6096656918525696,-0.3588535785675049,1.8343502283096313,0.514424204826355,0.29529982805252075,1.0968048572540283,0.6302971243858337,0.27714774012565613,1.0162994861602783
1030,0.6096658110618591,-0.35885268449783325,1.8343510627746582,0.515937089920044,0.29599249362945557,1.1013526916503906,0.6305686235427856,0.2769489288330078,1.0200916528701782
1040,0.6096658706665039,-0.3588518500328064,1.8343517780303955,0.5175384283065796,0.2967357337474823,1.105741024017334,0.6309314966201782,0.2766922116279602,1.0240355730056763
1050,0.6096659898757935,-0.35885104537010193,1.8343524932861328,0.5192794799804688,0.29754042625427246,1.109929084777832,0.6314796209335327,0.27642717957496643,1.0280200242996216
1060,0.6096660494804382,-0.35885027050971985,1.8343532085418701,0.5210827589035034,0.29836177825927734,1.114014744758606,0.6322059035301208,0.27616822719573975,1.0320146083831787
1070,0.609666109085083,-0.35884955525398254,1.8343539237976074,0.5228385925292969,0.29914119839668274,1.118131160736084,0.6330341100692749,0.27590543031692505,1.0360443592071533
1080,0.6096661686897278,-0.35884889960289,1.8343546390533447,0.5244373679161072,0.2998199462890625,1.1224113702774048,0.6338779330253601,0.27562546730041504,1.0401424169540405
1090,0.6096662878990173,-0.3588482439517975,1.8343552350997925,0.5258001685142517,0.3003600537776947,1.1269479990005493,0.6346568465232849,0.27531740069389343,1.0443379878997803
1100,0.6096663475036621,-0.35884764790534973,1.8343558311462402,0.5269712805747986,0.30080610513687134,1.1316725015640259,0.6353373527526855,0.2749897837638855,1.0486277341842651
1110,0.6096664071083069,-0.358847051858902,1.834356427192688,0.5280258059501648,0.30122336745262146,1.1364760398864746,0.6359180808067322,0.2746645212173462,1.0529857873916626
1120,0.6096664667129517,-0.358846515417099,1.8343570232391357,0.5290387868881226,0.3016771376132965,1.1412497758865356,0.6364023685455322,0.27436551451683044,1.0573831796646118
1130,0.6096665263175964,-0.358845978975296,1.8343576192855835,0.5300658345222473,0.3022167682647705,1.1459195613861084,0.6367936730384827,0.2741100490093231,1.0617941617965698
1140,0.6096665859222412,-0.3588455021381378,1.8343582153320312,0.5310847759246826,0.3028280436992645,1.1505495309829712,0.6370922923088074,0.27386897802352905,1.0662175416946411
1150,0.609666645526886,-0.358844131231308,1.8343585729599,0.5320539474487305,0.3034808337688446,1.1552391052246094,0.6372964978218079,0.27358120679855347,1.0706688165664673
1160,0.6096667051315308,-0.35884273052215576,1.8343589305877686,0.5329316258430481,0.30414509773254395,1.1600873470306396,0.6374043226242065,0.2731810510158539,1.0751659870147705
1170,0.6096667647361755,-0.3588414192199707,1.8343592882156372,0.5336899757385254,0.30479171872138977,1.1651532649993896,0.6374193429946899,0.2726132273674011,1.0797255039215088
1180,0.6096668243408203,-0.3588402271270752,1.8343596458435059,0.5343564748764038,0.3053956627845764,1.170337200164795,0.6373848915100098,0.2718978822231293,1.084351897239685
1190,0.6096668839454651,-0.35883912444114685,1.8343600034713745,0.5349723100662231,0.30593302845954895,1.1754993200302124,0.6373715400695801,0.2711068093776703,1.0890414714813232
1200,0.6096668839454651,-0.35883811116218567,1.8343603610992432,0.5355788469314575,0.3063797652721405,1.1804999113082886,0.6374537944793701,0.270319402217865,1.0937888622283936
1210,0.6096669435501099,-0.35883718729019165,1.8343605995178223,0.5362042188644409,0.3067225515842438,1.185242772102356,0.6376906633377075,0.2696067988872528,1.098585605621338
1220,0.6096670031547546,-0.3588363230228424,1.834360957145691,0.536824107170105,0.30699053406715393,1.1898059844970703,0.6380329728126526,0.26897838711738586,1.1033979654312134
1230,0.6096670627593994,-0.35883551836013794,1.8343613147735596,0.5374013185501099,0.30722349882125854,1.194311261177063,0.6383567452430725,0.26840123534202576,1.1081756353378296
1240,0.6096670627593994,-0.35883477330207825,1.8343615531921387,0.5378984808921814,0.307461142539978,1.1988800764083862,0.6385273933410645,0.26783615350723267,1.112865686416626
1250,0.6096671223640442,-0.3588341176509857,1.8343619108200073,0.5382916331291199,0.3077307939529419,1.2036007642745972,0.6384287476539612,0.2672472596168518,1.1174222230911255
1260,0.609667181968689,-0.3588334619998932,1.834362268447876,0.5386104583740234,0.30800971388816833,1.2084285020828247,0.6380795240402222,0.2666255235671997,1.1218501329421997
1270,0.609667181968689,-0.3588328957557678,1.834362506866455,0.5388981103897095,0.3082627058029175,1.2132850885391235,0.6375911831855774,0.26598045229911804,1.1261895895004272
1280,0.6096672415733337,-0.35883232951164246,1.8343627452850342,0.5391976237297058,0.3084545433521271,1.2180923223495483,0.637088418006897,0.26532411575317383,1.1304851770401
1290,0.6096673011779785,-0.35883182287216187,1.8343631029129028,0.5395367741584778,0.30856040120124817,1.2227846384048462,0.6366817355155945,0.26466697454452515,1.1347743272781372
1300,0.6096673011779785,-0.35883137583732605,1.834363341331482,0.539882242679596,0.3085968792438507,1.2273463010787964,0.6363725662231445,0.26400595903396606,1.139038324356079
1310,0.6096673607826233,-0.35883092880249023,1.834363579750061,0.5401852130889893,0.30859091877937317,1.231774091720581,0.6360878348350525,0.2633286416530609,1.1432199478149414
1320,0.6096673607826233,-0.3588305115699768,1.8343638181686401,0.5403971076011658,0.3085695207118988,1.2360647916793823,0.6357435584068298,0.26262128353118896,1.1472564935684204
1330,0.6096674203872681,-0.35883012413978577,1.8343640565872192,0.5404866337776184,0.3085530400276184,1.2402238845825195,0.6352625489234924,0.26187145709991455,1.15109384059906
1340,0.6096674203872681,-0.3588297665119171,1.8343642950057983,0.5404922366142273,0.3085356056690216,1.2442917823791504,0.6346228122711182,0.2610764801502228,1.1547420024871826
1350,0.6096674799919128,-0.35882943868637085,1.8343645334243774,0.5404700040817261,0.30850473046302795,1.2483174800872803,0.6338402628898621,0.2602405250072479,1.158254623413086
1360,0.6096674799919128,-0.358829140663147,1.8343647718429565,0.5404757857322693,0.3084479868412018,1.252350091934204,0.6329361796379089,0.25936874747276306,1.1616920232772827
1370,0.6096675395965576,-0.3588288426399231,1.8343650102615356,0.5405445694923401,0.30835574865341187,1.2564210891723633,0.6319305300712585,0.2584677040576935,1.1651066541671753
1380,0.6096675395965576,-0.3588285744190216,1.8343652486801147,0.540627121925354,0.30822980403900146,1.2604918479919434,0.6308290958404541,0.2575533390045166,1.1684913635253906
1390,0.6096675992012024,-0.3588283061981201,1.8343654870986938,0.5406532287597656,0.3080747127532959,1.264506220817566,0.6296278834342957,0.25664788484573364,1.171798586845398
1400,0.6096675992012024,-0.358828067779541,1.8343656063079834,0.5405527353286743,0.30789512395858765,1.2684078216552734,0.6283215880393982,0.255774587392807,1.1749745607376099
1410,0.6096675992012024,-0.3588278591632843,1.8343658447265625,0.5402776002883911,0.3076944053173065,1.2721567153930664,0.626905083656311,0.2549508810043335,1.1779738664627075
1420,0.6096676588058472,-0.3588276505470276,1.8343660831451416,0.5398691296577454,0.30747106671333313,1.2757772207260132,0.62537682056427,0.25415313243865967,1.1808098554611206
1430,0.6096676588058472,-0.3588274419307709,1.8343662023544312,0.5393906831741333,0.3072223961353302,1.279309868812561,0.623737633228302,0.2533298134803772,1.183536410331726
1440,0.6096676588058472,-0.35882726311683655,1.8343663215637207,0.5389057993888855,0.30694568157196045,1.2827954292297363,0.6219885349273682,0.2524251639842987,1.1862132549285889
1450,0.6096677184104919,-0.3588270843029022,1.8343665599822998,0.5384606719017029,0.30664679408073425,1.2862601280212402,0.6201350092887878,0.2513939440250397,1.1888936758041382
1460,0.6096677184104919,-0.3588269054889679,1.8343666791915894,0.5380324721336365,0.306365966796875,1.289674997329712,0.6182121634483337,0.2502650320529938,1.1915819644927979
1470,0.6096677184104919,-0.35882675647735596,1.8343669176101685,0.5375810265541077,0.30615201592445374,1.2929964065551758,0.6162756681442261,0.24911849200725555,1.1942483186721802
1480,0.6096677780151367,-0.358826607465744,1.834367036819458,0.5370662212371826,0.3060538172721863,1.296181082725525,0.6143838763237,0.24804161489009857,1.196858286857605
1490,0.6096677780151367,-0.3588264584541321,1.8343671560287476,0.5364584922790527,0.306102454662323,1.299200177192688,0.6125896573066711,0.24711079895496368,1.1993805170059204
1500,0.6096677780151367,-0.35882633924484253,1.834367275238037,0.5357704758644104,0.30625808238983154,1.3020817041397095,0.610903263092041,0.2463211864233017,1.2018088102340698
1510,0.6096677780151367,-0.358826220035553,1.8343673944473267,0.5350252985954285,0.30646318197250366,1.3048683404922485,0.6093064546585083,0.2456122189760208,1.2041538953781128
1520,0.6096678376197815,-0.3588261008262634,1.8343675136566162,0.5342460870742798,0.30666014552116394,1.3076024055480957,0.607776403427124,0.24491524696350098,1.206429362297058
1530,0.6096678376197815,-0.3588259816169739,1.8343676328659058,0.5334516167640686,0.30680394172668457,1.3103175163269043,0.6062914729118347,0.244170144200325,1.2086492776870728
1540,0.6096678376197815,-0.3588258624076843,1.8343677520751953,0.5326433181762695,0.30689936876296997,1.3130098581314087,0.6048402190208435,0.2433815449476242,1.2108310461044312
1550,0.6096678376197815,-0.35882577300071716,1.8343678712844849,0.5318180918693542,0.3069637417793274,1.315666913986206,0.6034181714057922,0.2425985336303711,1.2129943370819092
1560,0.6096678376197815,-0.3588256537914276,1.8343679904937744,0.530972957611084,0.3070143759250641,1.318276047706604,0.6020218133926392,0.24187664687633514,1.2151591777801514
1570,0.6096678972244263,-0.35882556438446045,1.834368109703064,0.5301083922386169,0.30706703662872314,1.3208262920379639,0.6006473898887634,0.24126498401165009,1.2173418998718262
1580,0.6096678972244263,-0.3588254749774933,1.8343682289123535,0.5292387008666992,0.30713149905204773,1.3233146667480469,0.5992889404296875,0.2407640665769577,1.2195346355438232
1590,0.6096678972244263,-0.3588254153728485,1.834368348121643,0.5283814668655396,0.30721595883369446,1.3257396221160889,0.5979387164115906,0.240340918302536,1.2217124700546265
1600,0.6096678972244263,-0.35882532596588135,1.8343684673309326,0.5275543928146362,0.30732864141464233,1.3281002044677734,0.5965889096260071,0.2399577498435974,1.2238483428955078
1610,0.6096678972244263,-0.3588252663612366,1.8343685865402222,0.5267688035964966,0.30747345089912415,1.330397605895996,0.5952345728874207,0.23957949876785278,1.2259199619293213
1620,0.609667956829071,-0.3588251769542694,1.8343685865402222,0.5260103344917297,0.3076368272304535,1.3326433897018433,0.593890905380249,0.2391936033964157,1.227940559387207
1630,0.609667956829071,-0.35882511734962463,1.8343687057495117,0.5252580642700195,0.3078009784221649,1.334851622581482,0.5925873517990112,0.2388029247522354,1.2299473285675049
1640,0.609667956829071,-0.35882505774497986,1.8343688249588013,0.5244913101196289,0.3079480230808258,1.337036371231079,0.59135502576828,0.23841257393360138,1.2319815158843994
1650,0.609667956829071,-0.3588249981403351,1.8343688249588013,0.5236939191818237,0.30806446075439453,1.339206576347351,0.5902194976806641,0.23802711069583893,1.2340779304504395
1660,0.609667956829071,-0.3588249385356903,1.8343689441680908,0.5228688716888428,0.30815428495407104,1.3413500785827637,0.5891644954681396,0.23764558136463165,1.2362267971038818
1670,0.609667956829071,-0.35882487893104553,1.8343690633773804,0.5220237970352173,0.3082258403301239,1.3434497117996216,0.5881450176239014,0.23726323246955872,1.2383878231048584
1680,0.609667956829071,-0.35882481932640076,1.8343690633773804,0.5211663246154785,0.3082874119281769,1.3454880714416504,0.5871120691299438,0.2368747889995575,1.2405164241790771
1690,0.6096680164337158,-0.358824759721756,1.83436918258667,0.5203056931495667,0.30835023522377014,1.347456693649292,0.5860233902931213,0.23647604882717133,1.2425737380981445
1700,0.6096680164337158,-0.3588247299194336,1.83436918258667,0.5194570422172546,0.308436781167984,1.3493810892105103,0.5848866105079651,0.23607081174850464,1.2445646524429321
1710,0.6096680164337158,-0.3588246703147888,1.8343693017959595,0.5186370611190796,0.3085725009441376,1.3512955904006958,0.5837437510490417,0.23566828668117523,1.2465242147445679
1720,0.6096680164337158,-0.35882461071014404,1.8343693017959595,0.5178624987602234,0.308782696723938,1.3532346487045288,0.5826415419578552,0.23527853190898895,1.2484920024871826
1730,0.6096680164337158,-0.35882458090782166,1.834369421005249,0.5171467661857605,0.3090788722038269,1.3552192449569702,0.5816212296485901,0.23491112887859344,1.250502347946167
1740,0.6096680164337158,-0.35882455110549927,1.834369421005249,0.5164902806282043,0.3094169497489929,1.3572183847427368,0.5806809067726135,0.23457209765911102,1.2525519132614136
1750,0.6096680164337158,-0.3588244915008545,1.8343695402145386,0.5158903002738953,0.3097389042377472,1.3591874837875366,0.579788863658905,0.23426498472690582,1.2546112537384033
1760,0.6096680164337158,-0.3588244616985321,1.8343695402145386,0.5153440237045288,0.30998674035072327,1.3610824346542358,0.5789093375205994,0.23399299383163452,1.2566474676132202
1770,0.6096680164337158,-0.3588244318962097,1.8343696594238281,0.5148443579673767,0.31012314558029175,1.3628753423690796,0.578010082244873,0.2337576448917389,1.2586308717727661
1780,0.6096680164337158,-0.35882440209388733,1.8343696594238281,0.5143674612045288,0.31019338965415955,1.3646055459976196,0.577088475227356,0.23354898393154144,1.260559320449829
1790,0.6096680760383606,-0.35882437229156494,1.8343696594238281,0.5138850212097168,0.3102635145187378,1.3663288354873657,0.576161801815033,0.2333492487668991,1.2624497413635254
1800,0.6096680760383606,-0.35882434248924255,1.8343697786331177,0.5133689641952515,0.31039944291114807,1.3681011199951172,0.5752503275871277,0.2331395149230957,1.2643213272094727
1810,0.6096680760383606,-0.35882431268692017,1.8343697786331177,0.5127946734428406,0.3106500506401062,1.3699601888656616,0.574370801448822,0.23290377855300903,1.2661914825439453
1820,0.6096680760383606,-0.3588242828845978,1.8343697786331177,0.5121521949768066,0.31099557876586914,1.3718717098236084,0.5735141038894653,0.23264680802822113,1.2680608034133911
1830,0.6096680760383606,-0.3588242530822754,1.8343698978424072,0.5114350914955139,0.3113991320133209,1.3737831115722656,0.5726532340049744,0.23238764703273773,1.2699178457260132
1840,0.6096680760383606,-0.358824223279953,1.8343698978424072,0.5106370449066162,0.3118238151073456,1.3756420612335205,0.5717586278915405,0.23214736580848694,1.2717502117156982
1850,0.6096680760383606,-0.3588241934776306,1.8343698978424072,0.509765088558197,0.31223830580711365,1.3773975372314453,0.5708068013191223,0.2319461554288864,1.2735435962677002
1860,0.6096680760383606,-0.3588241636753082,1.8343700170516968,0.508880078792572,0.31263333559036255,1.3790053129196167,0.5698179602622986,0.23179614543914795,1.2752761840820312
1870,0.6096680760383606,-0.35882413387298584,1.8343700170516968,0.5080564022064209,0.313005268573761,1.3804221153259277,0.5688422918319702,0.2317039668560028,1.2769205570220947
1880,0.6096680760383606,-0.35882413387298584,1.8343700170516968,0.5073683261871338,0.3133504092693329,1.3816050291061401,0.5679343938827515,0.23167549073696136,1.2784489393234253
1890,0.6096680760383606,-0.35882410407066345,1.8343701362609863,0.5068678855895996,0.3136664927005768,1.3825325965881348,0.5671420097351074,0.23171497881412506,1.279835820198059
1900,0.6096680760383606,-0.35882407426834106,1.8343701362609863,0.5065177083015442,0.3139569163322449,1.3832697868347168,0.5664625763893127,0.23181650042533875,1.2810752391815186
1910,0.6096680760383606,-0.3588240444660187,1.8343701362609863,0.5062581896781921,0.3142264783382416,1.3839030265808105,0.5658591985702515,0.23196715116500854,1.282174825668335
1920,0.6096680760383606,-0.3588240444660187,1.8343701362609863,0.5060297846794128,0.3144800364971161,1.384519100189209,0.5652897357940674,0.23215296864509583,1.2831437587738037
1930,0.6096680760383606,-0.3588240146636963,1.8343701362609863,0.5057856440544128,0.31472188234329224,1.3851823806762695,0.5647164583206177,0.23235976696014404,1.2839945554733276
1940,0.6096680760383606,-0.3588240146636963,1.8343702554702759,0.5055307149887085,0.3149544894695282,1.3858706951141357,0.5641339421272278,0.23257213830947876,1.2847583293914795
1950,0.6096680760383606,-0.3588239848613739,1.8343702554702759,0.5052825808525085,0.3151797950267792,1.3865395784378052,0.5635592937469482,0.23277391493320465,1.2854790687561035
1960,0.6096681356430054,-0.3588239550590515,1.8343702554702759,0.5050591230392456,0.31539973616600037,1.3871448040008545,0.5630127787590027,0.23294878005981445,1.286203145980835
1970,0.6096681356430054,-0.3588239550590515,1.8343702554702759,0.5048701167106628,0.31561803817749023,1.38765287399292,0.5625123381614685,0.23308318853378296,1.2869682312011719
1980,0.6096681356430054,-0.3588239252567291,1.8343702554702759,0.5046938061714172,0.3158453702926636,1.3880733251571655,0.562058687210083,0.23318271338939667,1.2877570390701294
1990,0.6096681356430054,-0.3588239252567291,1.8343703746795654,0.504500687122345,0.31609421968460083,1.3884268999099731,0.5616403818130493,0.23326601088047028,1.28851318359375
2000,0.6096681356430054,-0.3588239252567291,1.8343703746795654,0.5042610764503479,0.3163769543170929,1.3887337446212769,0.5612443685531616,0.2333536297082901,1.2891753911972046
2010,0.6096681356430054,-0.35882389545440674,1.8343703746795654,0.5039578676223755,0.3166968524456024,1.3890118598937988,0.5608590841293335,0.23346389830112457,1.2896894216537476
2020,0.6096681356430054,-0.35882389545440674,1.8343703746795654,0.5036238431930542,0.3170202076435089,1.3892678022384644,0.5604852437973022,0.23359829187393188,1.2900577783584595
2030,0.6096681356430054,-0.35882386565208435,1.8343703746795654,0.5033042430877686,0.31730419397354126,1.3895056247711182,0.5601319074630737,0.2337466925382614,1.2903213500976562
2040,0.6096681356430054,-0.35882386565208435,1.8343703746795654,0.5030444264411926,0.3175058662891388,1.389729380607605,0.5598093867301941,0.2338973432779312,1.2905269861221313
2050,0.6096681356430054,-0.35882383584976196,1.834370493888855,0.502875030040741,0.3175992965698242,1.3899428844451904,0.5595259666442871,0.23403999209403992,1.2907168865203857
2060,0.6096681356430054,-0.35882383584976196,1.834370493888855,0.5027686357498169,0.3176261782646179,1.3901491165161133,0.5592745542526245,0.23417645692825317,1.2908997535705566
2070,0.6096681356430054,-0.35882383584976196,1.834370493888855,0.5026832818984985,0.3176450729370117,1.3903509378433228,0.5590377449989319,0.23431676626205444,1.291061520576477
2080,0.6096681356430054,-0.3588238060474396,1.834370493888855,0.5025768876075745,0.3177146315574646,1.3905510902404785,0.5587967038154602,0.2344721108675003,1.2911845445632935
2090,0.6096681356430054,-0.3588238060474396,1.834370493888855,0.5024188160896301,0.31787723302841187,1.390751600265503,0.5585354566574097,0.2346511036157608,1.2912535667419434
2100,0.6096681356430054,-0.3588238060474396,1.834370493888855,0.5022234320640564,0.31811049580574036,1.3909504413604736,0.5582606792449951,0.23484323918819427,1.291274070739746
2110,0.6096681356430054,-0.3588238060474396,1.834370493888855,0.5020163655281067,0.3183758556842804,1.3911445140838623,0.5579943656921387,0.23502495884895325,1.2912651300430298
2120,0.6096681356430054,-0.3588237762451172,1.834370493888855,0.501823365688324,0.3186347186565399,1.3913309574127197,0.5577608346939087,0.23517078161239624,1.2912482023239136
2130,0.6096681356430054,-0.3588237762451172,1.834370493888855,0.5016652345657349,0.3188551664352417,1.3915059566497803,0.55758136510849,0.23525957763195038,1.2912418842315674
2140,0.6096681356430054,-0.3588237762451172,1.8343706130981445,0.5015438795089722,0.3190319538116455,1.3916611671447754,0.5574551820755005,0.2353016436100006,1.2912458181381226
2150,0.6096681356430054,-0.3588237464427948,1.8343706130981445,0.5014563202857971,0.31916654109954834,1.3917875289916992,0.5573662519454956,0.2353287637233734,1.2912462949752808
2160,0.6096681356430054,-0.3588237464427948,1.8343706130981445,0.5013996958732605,0.3192603290081024,1.3918761014938354,0.5572963953018188,0.23537588119506836,1.29122793674469
2170,0.6096681356430054,-0.3588237464427948,1.8343706130981445,0.5013695955276489,0.3193163573741913,1.391923189163208,0.5572288632392883,0.23547248542308807,1.2911772727966309
2180,0.6096681356430054,-0.3588237464427948,1.8343706130981445,0.5013559460639954,0.31934401392936707,1.3919475078582764,0.5571582913398743,0.2356082797050476,1.2910958528518677
2190,0.6096681356430054,-0.3588237464427948,1.8343706130981445,0.5013471841812134,0.3193542957305908,1.3919732570648193,0.5570871233940125,0.2357456386089325,1.2909959554672241
2200,0.6096681356430054,-0.3588237166404724,1.8343706130981445,0.5013318061828613,0.319358229637146,1.3920247554779053,0.5570189356803894,0.23584303259849548,1.2908912897109985
2210,0.6096681356430054,-0.3588237166404724,1.8343706130981445,0.5013011693954468,0.31936585903167725,1.3921177387237549,0.5569567084312439,0.23586437106132507,1.2907941341400146
2220,0.6096681356430054,-0.3588237166404724,1.8343706130981445,0.5012582540512085,0.3193835914134979,1.3922351598739624,0.5568981766700745,0.2358143925666809,1.2907084226608276
2230,0.6096681356430054,-0.3588237166404724,1.8343706130981445,0.5012089014053345,0.319416880607605,1.3923511505126953,0.5568375587463379,0.23572580516338348,1.2906314134597778
2240,0.6096681356430054,-0.3588237166404724,1.8343706130981445,0.5011590719223022,0.319471150636673,1.392439842224121,0.556768536567688,0.2356353998184204,1.2905597686767578
2250,0.6096681356430054,-0.35882368683815,1.8343706130981445,0.501113772392273,0.31954771280288696,1.3924827575683594,0.5566861033439636,0.23557621240615845,1.2904911041259766
2260,0.6096681356430054,-0.35882368683815,1.8343706130981445,0.5010748505592346,0.3196312487125397,1.392487645149231,0.556594967842102,0.23555244505405426,1.2904305458068848
2270,0.6096681356430054,-0.35882368683815,1.8343706130981445,0.5010433197021484,0.31970229744911194,1.3924697637557983,0.5565065741539001,0.23554854094982147,1.2903882265090942
2280,0.6096681356430054,-0.35882368683815,1.834370732307434,0.5010201930999756,0.3197413682937622,1.3924438953399658,0.5564331412315369,0.2355460673570633,1.2903753519058228
2290,0.6096681356430054,-0.35882368683815,1.834370732307434,0.5010063052177429,0.31973540782928467,1.392421841621399,0.5563855767250061,0.23552802205085754,1.2904000282287598
2300,0.6096681356430054,-0.35882368683815,1.834370732307434,0.5010015964508057,0.31969714164733887,1.3924012184143066,0.5563631057739258,0.23548945784568787,1.290452003479004
2310,0.6096681356430054,-0.35882368683815,1.834370732307434,0.501006007194519,0.3196456730365753,1.3923765420913696,0.5563571453094482,0.23543371260166168,1.290508508682251
2320,0.6096681356430054,-0.35882365703582764,1.834370732307434,0.501019299030304,0.3196001648902893,1.392342209815979,0.5563580393791199,0.2353653460741043,1.2905443906784058
2330,0.6096681356430054,-0.35882365703582764,1.834370732307434,0.5010386109352112,0.31957313418388367,1.3922964334487915,0.5563569068908691,0.23528878390789032,1.2905386686325073
2340,0.6096681356430054,-0.35882365703582764,1.834370732307434,0.5010502934455872,0.31955063343048096,1.3922522068023682,0.5563512444496155,0.2352072298526764,1.2904982566833496
2350,0.6096681356430054,-0.35882365703582764,1.834370732307434,0.5010380148887634,0.31951218843460083,1.3922266960144043,0.556343138217926,0.23512285947799683,1.2904491424560547
2360,0.6096681356430054,-0.35882365703582764,1.834370732307434,0.5009855031967163,0.31943726539611816,1.3922364711761475,0.5563353300094604,0.23503780364990234,1.2904199361801147
2370,0.6096681356430054,-0.35882365703582764,1.834370732307434,0.5008844137191772,0.31931355595588684,1.392290711402893,0.556329607963562,0.2349541187286377,1.2904349565505981
2380,0.6096681356430054,-0.35882365703582764,1.834370732307434,0.5007584095001221,0.3191618323326111,1.3923661708831787,0.5563215613365173,0.23487377166748047,1.2904841899871826
2390,0.6096681356430054,-0.35882365703582764,1.834370732307434,0.5006392598152161,0.31901100277900696,1.392431616783142,0.5563027262687683,0.23479866981506348,1.2905343770980835
2400,0.6096681356430054,-0.35882365703582764,1.834370732307434,0.5005584955215454,0.3188900351524353,1.392455816268921,0.5562636852264404,0.23473072052001953,1.2905488014221191
2410,0.6096681356430054,-0.35882365703582764,1.834370732307434,0.500538170337677,0.3188190758228302,1.392418384552002,0.5561967492103577,0.23467083275318146,1.2904969453811646
2420,0.6096681356430054,-0.35882362723350525,1.834370732307434,0.500561535358429,0.3187829554080963,1.3923412561416626,0.5561041831970215,0.23461337387561798,1.2903920412063599
2430,0.6096681356430054,-0.35882362723350525,1.834370732307434,0.5006020069122314,0.31875765323638916,1.3922574520111084,0.5559954047203064,0.2345481961965561,1.290277361869812
2440,0.6096681356430054,-0.35882362723350525,1.834370732307434,0.5006331205368042,0.31871911883354187,1.3921997547149658,0.5558806657791138,0.23446449637413025,1.29020094871521
2450,0.6096681356430054,-0.35882362723350525,1.834370732307434,0.5006343126296997,0.31865066289901733,1.392190933227539,0.5557698607444763,0.23435355722904205,1.2902040481567383
2460,0.6096681356430054,-0.35882362723350525,1.834370732307434,0.5006089210510254,0.31856465339660645,1.3922137022018433,0.5556687116622925,0.2342216670513153,1.2902814149856567
2470,0.6096681356430054,-0.35882362723350525,1.834370732307434,0.5005662441253662,0.31848081946372986,1.3922410011291504,0.5555800795555115,0.234085351228714,1.290395975112915
2480,0.6096681356430054,-0.35882362723350525,1.834370732307434,0.5005155205726624,0.31841883063316345,1.3922455310821533,0.5555063486099243,0.23396264016628265,1.2905054092407227
2490,0.6096681356430054,-0.35882362723350525,1.834370732307434,0.5004640817642212,0.31839045882225037,1.3922091722488403,0.5554488897323608,0.23386895656585693,1.290572166442871
2500,0.6096681356430054,-0.35882362723350525,1.834370732307434,0.5004113912582397,0.3183758854866028,1.3921486139297485,0.5554019212722778,0.2338007539510727,1.2905888557434082
2510,0.6096681356430054,-0.35882362723350525,1.834370732307434,0.5003550052642822,0.318347305059433,1.392089605331421,0.5553547739982605,0.2337414026260376,1.2905694246292114
2520,0.6096681356430054,-0.35882362723350525,1.834370732307434,0.5002924799919128,0.3182770013809204,1.3920578956604004,0.5552961230278015,0.23367242515087128,1.2905309200286865
2530,0.6096681356430054,-0.35882362723350525,1.834370732307434,0.5002257227897644,0.3181511163711548,1.3920698165893555,0.5552169680595398,0.23357786238193512,1.2904897928237915
2540,0.6096681356430054,-0.35882362723350525,1.834370732307434,0.5001742243766785,0.318011611700058,1.3921029567718506,0.555124819278717,0.23346072435379028,1.290454626083374
2550,0.6096681356430054,-0.35882362723350525,1.834370732307434,0.5001621246337891,0.31791433691978455,1.3921256065368652,0.555038571357727,0.23333705961704254,1.2904289960861206
2560,0.6096681356430054,-0.35882362723350525,1.834370732307434,0.5002132654190063,0.3179151117801666,1.392106294631958,0.5549789071083069,0.23322473466396332,1.2904160022735596
2570,0.6096681356430054,-0.35882362723350525,1.834370732307434,0.5003380179405212,0.31804585456848145,1.3920257091522217,0.5549635291099548,0.2331392616033554,1.2904175519943237
2580,0.6096681356430054,-0.35882359743118286,1.834370732307434,0.5004920959472656,0.31824252009391785,1.39191472530365,0.5549898147583008,0.2330779731273651,1.2904313802719116
2590,0.6096681356430054,-0.35882359743118286,1.834370732307434,0.5006175637245178,0.3184170424938202,1.3918166160583496,0.5550409555435181,0.2330257147550583,1.2904514074325562
2600,0.6096681356430054,-0.35882359743118286,1.8343708515167236,0.5006564259529114,0.3184814453125,1.3917748928070068,0.5550982356071472,0.2329655885696411,1.2904716730117798
2610,0.6096681356430054,-0.35882359743118286,1.8343708515167236,0.5005710124969482,0.31837451457977295,1.3918172121047974,0.5551439523696899,0.2328830063343048,1.2904863357543945
2620,0.6096681952476501,-0.35882359743118286,1.8343708515167236,0.5004048347473145,0.3181424140930176,1.3919093608856201,0.555168867111206,0.23278087377548218,1.2904939651489258
2630,0.6096681952476501,-0.35882359743118286,1.8343708515167236,0.5002214908599854,0.3178582191467285,1.3920011520385742,0.5551698803901672,0.23267418146133423,1.290495753288269
2640,0.6096681952476501,-0.35882359743118286,1.8343708515167236,0.5000848174095154,0.3175949156284332,1.3920427560806274,0.5551445484161377,0.23257963359355927,1.2904936075210571
2650,0.6096681952476501,-0.35882359743118286,1.8343708515167236,0.5000402331352234,0.3174103796482086,1.3920003175735474,0.5550917387008667,0.23251129686832428,1.2904884815216064
2660,0.6096681952476501,-0.35882359743118286,1.8343708515167236,0.5000603795051575,0.3173016309738159,1.391905426979065,0.55501788854599,0.23246408998966217,1.2904772758483887
2670,0.6096681952476501,-0.35882359743118286,1.8343708515167236,0.500099778175354,0.3172505795955658,1.39180588722229,0.5549347996711731,0.2324197143316269,1.290453314781189
2680,0.6096681952476501,-0.35882359743118286,1.8343708515167236,0.5001128315925598,0.31723904609680176,1.3917495012283325,0.5548548698425293,0.2323579639196396,1.290410041809082
2690,0.6096681952476501,-0.35882359743118286,1.8343708515167236,0.5000675916671753,0.31724974513053894,1.3917691707611084,0.5547890067100525,0.23226119577884674,1.2903417348861694
2700,0.6096681952476501,-0.35882359743118286,1.8343708515167236,0.4999864101409912,0.3172686994075775,1.3918390274047852,0.5547361373901367,0.2321307212114334,1.29025137424469
2710,0.6096681952476501,-0.35882359743118286,1.8343708515167236,0.49990543723106384,0.3172827959060669,1.3919180631637573,0.5546868443489075,0.2319808155298233,1.2901479005813599
2720,0.6096681952476501,-0.35882359743118286,1.8343708515167236,0.49986061453819275,0.31727883219718933,1.391965627670288,0.5546307563781738,0.23182767629623413,1.2900410890579224
2730,0.6096681952476501,-0.35882359743118286,1.8343708515167236,0.49987709522247314,0.31724706292152405,1.3919519186019897,0.5545585751533508,0.23168633878231049,1.2899402379989624
2740,0.6096681952476501,-0.35882359743118286,1.8343708515167236,0.4999363124370575,0.3171910345554352,1.391892910003662,0.554469645023346,0.2315623015165329,1.289851427078247
2750,0.6096681952476501,-0.35882359743118286,1.8343708515167236,0.5000088214874268,0.3171176314353943,1.3918156623840332,0.5543694496154785,0.23145456612110138,1.289778232574463
2760,0.6096681952476501,-0.35882359743118286,1.8343708515167236,0.5000651478767395,0.3170337975025177,1.391747236251831,0.5542641878128052,0.23136121034622192,1.2897242307662964
2770,0.6096681952476501,-0.35882359743118286,1.8343708515167236,0.5000825524330139,0.3169451653957367,1.3917078971862793,0.5541595220565796,0.23127996921539307,1.2896902561187744
2780,0.6096681952476501,-0.35882359743118286,1.8343708515167236,0.50006502866745,0.3168524205684662,1.3916902542114258,0.5540559887886047,0.23120711743831635,1.28966224193573
2790,0.6096681952476501,-0.35882359743118286,1.8343708515167236,0.5000232458114624,0.3167549669742584,1.391680121421814,0.5539504885673523,0.23113788664340973,1.2896151542663574
2800,0.6096681952476501,-0.35882359743118286,1.8343708515167236,0.4999680519104004,0.31665223836898804,1.3916633129119873,0.5538396239280701,0.23106741905212402,1.2895225286483765
2810,0.6096681952476501,-0.35882359743118286,1.8343708515167236,0.4999079406261444,0.3165464401245117,1.3916308879852295,0.5537204146385193,0.2309914380311966,1.289363145828247
2820,0.6096681952476501,-0.35882359743118286,1.8343708515167236,0.49984312057495117,0.3164510428905487,1.3915958404541016,0.5535948276519775,0.23090997338294983,1.2891514301300049
2830,0.6096681952476501,-0.35882359743118286,1.8343708515167236,0.4997715353965759,0.3163822889328003,1.3915759325027466,0.5534682273864746,0.23082607984542847,1.288926601409912
2840,0.6096681952476501,-0.35882359743118286,1.8343708515167236,0.4996912479400635,0.31635645031929016,1.391589641571045,0.5533463358879089,0.2307431995868683,1.2887312173843384
2850,0.6096681952476501,-0.35882359743118286,1.8343708515167236,0.499601811170578,0.31638479232788086,1.3916493654251099,0.5532345175743103,0.23066437244415283,1.2886031866073608
2860,0.6096681952476501,-0.35882359743118286,1.8343708515167236,0.4995088577270508,0.3164586126804352,1.3917465209960938,0.5531355142593384,0.23058956861495972,1.2885433435440063
2870,0.6096681952476501,-0.35882359743118286,1.8343708515167236,0.499419629573822,0.3165642321109772,1.391866683959961,0.55305016040802,0.23051655292510986,1.2885273694992065
2880,0.6096681952476501,-0.35882359743118286,1.8343708515167236,0.49934130907058716,0.3166878819465637,1.3919954299926758,0.552979052066803,0.2304428517818451,1.288527250289917
2890,0.6096681952476501,-0.35882359743118286,1.8343708515167236,0.499281108379364,0.31681591272354126,1.3921186923980713,0.552922785282135,0.23036591708660126,1.288514494895935
2900,0.6096681952476501,-0.35882359743118286,1.8343708515167236,0.4992462396621704,0.31693461537361145,1.3922221660614014,0.5528818368911743,0.2302832007408142,1.2884608507156372
2910,0.6096681952476501,-0.35882359743118286,1.8343708515167236,0.4992438852787018,0.31703025102615356,1.3922914266586304,0.5528568625450134,0.230192169547081,1.2883375883102417
2920,0.6096681952476501,-0.35882359743118286,1.8343708515167236,0.49928128719329834,0.31708917021751404,1.3923122882843018,0.5528482794761658,0.23009029030799866,1.2881163358688354
2930,0.6096681952476501,-0.35882359743118286,1.8343708515167236,0.49928128719329834,0.31708917021751404,1.3923122882843018,0.5528479814529419,0.2300519049167633,1.288018822669983
2940,0.6096681952476501,-0.35882359743118286,1.8343708515167236,0.49928128719329834,0.31708917021751404,1.3923122882843018,0.5528479218482971,0.2300477772951126,1.2880083322525024
2950,0.6096681952476501,-0.35882359743118286,1.8343708515167236,0.49928128719329834,0.31708917021751404,1.3923122882843018,0.5528479218482971,0.230047345161438,1.288007140159607
2960,0.6096681952476501,-0.35882359743118286,1.8343708515167236,0.49928128719329834,0.31708917021751404,1.3923122882843018,0.5528479218482971,0.2300472855567932,1.2880070209503174
2970,0.6096681952476501,-0.35882359743118286,1.8343708515167236,0.49928128719329834,0.31708917021751404,1.3923122882843018,0.5528479218482971,0.2300472855567932,1.2880070209503174
2980,0.6096681952476501,-0.35882359743118286,1.8343708515167236,0.49928128719329834,0.31708917021751404,1.3923122882843018,0.5528479218482971,0.2300472855567932,1.2880070209503174
2990,0.6096681952476501,-0.35882359743118286,1.8343708515167236,0.49928128719329834,0.31708917021751404,1.3923122882843018,0.5528479218482971,0.2300472855567932,1.2880070209503174
3000,0.6096681952476501,-0.35882359743118286,1.8343708515167236,0.49928128719329834,0.31708917021751404,1.3923122882843018,0.5528479218482971,0.2300472855567932,1.2880070209503174
3010,0.6096681952476501,-0.35882359743118286,1.8343708515167236,0.49928128719329834,0.31708917021751404,1.3923122882843018,0.5528479218482971,0.2300472855567932,1.2880070209503174
3020,0.6096681952476501,-0.35882359743118286,1.8343708515167236,0.49928128719329834,0.31708917021751404,1.3923122882843018,0.5528479218482971,0.2300472855567932,1.2880070209503174
3030,0.6096681952476501,-0.35882359743118286,1.8343708515167236,0.49928128719329834,0.31708917021751404,1.3923122882843018,0.5528479218482971,0.2300472855567932,1.2880070209503174
3040,0.6096681952476501,-0.35882359743118286,1.8343708515167236,0.49928128719329834,0.31708917021751404,1.3923122882843018,0.5528479218482971,0.2300472855567932,1.2880070209503174
3050,0.6096681952476501,-0.35882359743118286,1.8343708515167236,0.49928128719329834,0.31708917021751404,1.3923122882843018,0.5528479218482971,0.2300472855567932,1.2880070209503174
3060,0.6096681952476501,-0.35882359743118286,1.8343708515167236,0.49928128719329834,0.31708917021751404,1.3923122882843018,0.5528479218482971,0.2300472855567932,1.2880070209503174
3070,0.6096681952476501,-0.35882359743118286,1.8343708515167236,0.49928128719329834,0.31708917021751404,1.3923122882843018,0.5528479218482971,0.2300472855567932,1.2880070209503174
3080,0.6096681952476501,-0.35882359743118286,1.8343708515167236,0.49928128719329834,0.31708917021751404,1.3923122882843018,0.5528479218482971,0.2300472855567932,1.2880070209503174
3090,0.6096681952476501,-0.35882359743118286,1.8343708515167236,0.49928128719329834,0.31708917021751404,1.3923122882843018,0.5528479218482971,0.2300472855567932,1.2880070209503174
3100,0.6096681952476501,-0.35882359743118286,1.8343708515167236,0.49928128719329834,0.31708917021751404,1.3923122882843018,0.5528479218482971,0.2300472855567932,1.2880070209503174
3110,0.6096681952476501,-0.35882359743118286,1.8343708515167236,0.49928128719329834,0.31708917021751404,1.3923122882843018,0.5528479218482971,0.2300472855567932,1.2880070209503174
3120,0.6096681952476501,-0.35882359743118286,1.8343708515167236,0.49928128719329834,0.31708917021751404,1.3923122882843018,0.5528479218482971,0.2300472855567932,1.2880070209503174
3130,0.6096681952476501,-0.35882359743118286,1.8343708515167236,0.49928128719329834,0.31708917021751404,1.3923122882843018,0.5528479218482971,0.2300472855567932,1.2880070209503174
3140,0.6096681952476501,-0.35882359743118286,1.8343708515167236,0.49928128719329834,0.31708917021751404,1.3923122882843018,0.5528479218482971,0.2300472855567932,1.2880070209503174
3150,0.6096681952476501,-0.35882359743118286,1.8343708515167236,0.49928128719329834,0.31708917021751404,1.3923122882843018,0.5528479218482971,0.2300472855567932,1.2880070209503174
3160,0.6096681952476501,-0.3588235676288605,1.8343708515167236,0.49928128719329834,0.31708917021751404,1.3923122882843018,0.5528479218482971,0.2300472855567932,1.2880070209503174
3170,0.6096681952476501,-0.3588235676288605,1.8343708515167236,0.49928128719329834,0.31708917021751404,1.3923122882843018,0.5528479218482971,0.2300472855567932,1.2880070209503174
3180,0.6096681952476501,-0.3588235676288605,1.8343708515167236,0.49928128719329834,0.31708917021751404,1.3923122882843018,0.5528479218482971,0.2300472855567932,1.2880070209503174
3190,0.6096681952476501,-0.3588235676288605,1.8343708515167236,0.49928128719329834,0.31708917021751404,1.3923122882843018,0.5528479218482971,0.2300472855567932,1.2880070209503174
3200,0.6096681952476501,-0.3588235676288605,1.8343708515167236,0.49928128719329834,0.31708917021751404,1.3923122882843018,0.5528479218482971,0.2300472855567932,1.2880070209503174
3210,0.6096681952476501,-0.3588235676288605,1.8343708515167236,0.49928128719329834,0.31708917021751404,1.3923122882843018,0.5528479218482971,0.2300472855567932,1.2880070209503174
3220,0.6096681952476501,-0.3588235676288605,1.8343708515167236,0.49928128719329834,0.31708917021751404,1.3923122882843018,0.5528479218482971,0.2300472855567932,1.2880070209503174
3230,0.6096681952476501,-0.3588235676288605,1.8343708515167236,0.49928128719329834,0.31708917021751404,1.3923122882843018,0.5528479218482971,0.2300472855567932,1.2880070209503174
3240,0.6096681952476501,-0.3588235676288605,1.8343708515167236,0.49928128719329834,0.31708917021751404,1.3923122882843018,0.5528479218482971,0.2300472855567932,1.2880070209503174
3250,0.6096681952476501,-0.3588235676288605,1.8343708515167236,0.49928128719329834,0.31708917021751404,1.3923122882843018,0.5528479218482971,0.2300472855567932,1.2880070209503174
3260,0.6096681952476501,-0.3588235676288605,1.8343708515167236,0.49928128719329834,0.31708917021751404,1.3923122882843018,0.5528479218482971,0.2300472855567932,1.2880070209503174
3270,0.6096681952476501,-0.3588235676288605,1.8343708515167236,0.49928128719329834,0.31708917021751404,1.3923122882843018,0.5528479218482971,0.2300472855567932,1.2880070209503174
3280,0.6096681952476501,-0.3588235676288605,1.8343708515167236,0.49928128719329834,0.31708917021751404,1.3923122882843018,0.5528479218482971,0.2300472855567932,1.2880070209503174
3290,0.6096681952476501,-0.3588235676288605,1.8343708515167236,0.49928128719329834,0.31708917021751404,1.3923122882843018,0.5528479218482971,0.2300472855567932,1.2880070209503174
3300,0.6096681952476501,-0.3588235676288605,1.8343708515167236,0.49928128719329834,0.31708917021751404,1.3923122882843018,0.5528479218482971,0.2300472855567932,1.2880070209503174
3310,0.6096681952476501,-0.3588235676288605,1.8343708515167236,0.49928128719329834,0.31708917021751404,1.3923122882843018,0.5528479218482971,0.2300472855567932,1.2880070209503174
3320,0.6096681952476501,-0.3588235676288605,1.8343708515167236,0.49928128719329834,0.31708917021751404,1.3923122882843018,0.5528479218482971,0.2300472855567932,1.2880070209503174
3330,0.6096681952476501,-0.3588235676288605,1.8343708515167236,0.49928128719329834,0.31708917021751404,1.3923122882843018,0.5528479218482971,0.2300472855567932,1.2880070209503174
3340,0.6096681952476501,-0.3588235676288605,1.8343708515167236,0.49928128719329834,0.31708917021751404,1.3923122882843018,0.5528479218482971,0.2300472855567932,1.2880070209503174
3350,0.6096681952476501,-0.3588235676288605,1.8343708515167236,0.49928128719329834,0.31708917021751404,1.3923122882843018,0.5528479218482971,0.2300472855567932,1.2880070209503174
3360,0.6096681952476501,-0.3588235676288605,1.8343708515167236,0.49928128719329834,0.31708917021751404,1.3923122882843018,0.5528479218482971,0.2300472855567932,1.2880070209503174
3370,0.6096681952476501,-0.3588235676288605,1.8343708515167236,0.49928128719329834,0.31708917021751404,1.3923122882843018,0.5528479218482971,0.2300472855567932,1.2880070209503174
3380,0.6096681952476501,-0.3588235676288605,1.8343708515167236,0.49928128719329834,0.31708917021751404,1.3923122882843018,0.5528479218482971,0.2300472855567932,1.2880070209503174
3390,0.6096681952476501,-0.3588235676288605,1.8343708515167236,0.49928128719329834,0.31708917021751404,1.3923122882843018,0.5528479218482971,0.2300472855567932,1.2880070209503174
3400,0.6096681952476501,-0.3588235676288605,1.8343708515167236,0.49928128719329834,0.31708917021751404,1.3923122882843018,0.5528479218482971,0.2300472855567932,1.2880070209503174
3410,0.6096681952476501,-0.3588235676288605,1.8343708515167236,0.49928128719329834,0.31708917021751404,1.3923122882843018,0.5528479218482971,0.2300472855567932,1.2880070209503174
3420,0.6096681952476501,-0.3588235676288605,1.8343708515167236,0.49928128719329834,0.31708917021751404,1.3923122882843018,0.5528479218482971,0.2300472855567932,1.2880070209503174
3430,0.6096681952476501,-0.3588235676288605,1.8343708515167236,0.49928128719329834,0.31708917021751404,1.3923122882843018,0.5528479218482971,0.2300472855567932,1.2880070209503174
3440,0.6096681952476501,-0.3588235676288605,1.8343708515167236,0.49928128719329834,0.31708917021751404,1.3923122882843018,0.5528479218482971,0.2300472855567932,1.2880070209503174
3450,0.6096681952476501,-0.3588235676288605,1.8343708515167236,0.49928128719329834,0.31708917021751404,1.3923122882843018,0.5528479218482971,0.2300472855567932,1.2880070209503174
3460,0.6096681952476501,-0.3588235676288605,1.8343708515167236,0.49928128719329834,0.31708917021751404,1.3923122882843018,0.5528479218482971,0.2300472855567932,1.2880070209503174
3470,0.6096681952476501,-0.3588235676288605,1.8343708515167236,0.49928128719329834,0.31708917021751404,1.3923122882843018,0.5528479218482971,0.2300472855567932,1.2880070209503174
3480,0.6096681952476501,-0.3588235676288605,1.8343708515167236,0.49928128719329834,0.31708917021751404,1.3923122882843018,0.5528479218482971,0.2300472855567932,1.2880070209503174
3490,0.6096681952476501,-0.3588235676288605,1.8343708515167236,0.49928128719329834,0.31708917021751404,1.3923122882843018,0.5528479218482971,0.2300472855567932,1.2880070209503174
3500,0.6096681952476501,-0.3588235676288605,1.8343708515167236,0.49928128719329834,0.31708917021751404,1.3923122882843018,0.5528479218482971,0.2300472855567932,1.2880070209503174
3510,0.6096681952476501,-0.3588235676288605,1.8343708515167236,0.49928128719329834,0.31708917021751404,1.3923122882843018,0.5528479218482971,0.2300472855567932,1.2880070209503174
3520,0.6096681952476501,-0.3588235676288605,1.8343708515167236,0.49928128719329834,0.31708917021751404,1.3923122882843018,0.5528479218482971,0.2300472855567932,1.2880070209503174
3530,0.6096681952476501,-0.3588235676288605,1.8343708515167236,0.49928128719329834,0.31708917021751404,1.3923122882843018,0.5528479218482971,0.2300472855567932,1.2880070209503174
3540,0.6096681952476501,-0.3588235676288605,1.8343708515167236,0.49928128719329834,0.31708917021751404,1.3923122882843018,0.5528479218482971,0.2300472855567932,1.2880070209503174
3550,0.6096681952476501,-0.3588235676288605,1.8343708515167236,0.49928128719329834,0.31708917021751404,1.3923122882843018,0.5528479218482971,0.2300472855567932,1.2880070209503174
3560,0.6096681952476501,-0.3588235676288605,1.8343708515167236,0.49928128719329834,0.31708917021751404,1.3923122882843018,0.5528479218482971,0.2300472855567932,1.2880070209503174
3570,0.6096681952476501,-0.3588235676288605,1.8343708515167236,0.49928128719329834,0.31708917021751404,1.3923122882843018,0.5528479218482971,0.2300472855567932,1.2880070209503174
3580,0.6096681952476501,-0.3588235676288605,1.8343708515167236,0.49928128719329834,0.31708917021751404,1.3923122882843018,0.5528479218482971,0.2300472855567932,1.2880070209503174
3590,0.6096681952476501,-0.3588235676288605,1.8343708515167236,0.49928128719329834,0.31708917021751404,1.3923122882843018,0.5528479218482971,0.2300472855567932,1.2880070209503174
3600,0.6096681952476501,-0.3588235676288605,1.8343708515167236,0.49928128719329834,0.31708917021751404,1.3923122882843018,0.5528479218482971,0.2300472855567932,1.2880070209503174
3610,0.6096681952476501,-0.3588235676288605,1.8343708515167236,0.49928128719329834,0.31708917021751404,1.3923122882843018,0.5528479218482971,0.2300472855567932,1.2880070209503174
3620,0.6096681952476501,-0.3588235676288605,1.8343708515167236,0.49928128719329834,0.31708917021751404,1.3923122882843018,0.5528479218482971,0.2300472855567932,1.2880070209503174
3630,0.6096681952476501,-0.3588235676288605,1.8343708515167236,0.49928128719329834,0.31708917021751404,1.3923122882843018,0.5528479218482971,0.2300472855567932,1.2880070209503174
3640,0.6096681952476501,-0.3588235676288605,1.8343708515167236,0.49928128719329834,0.31708917021751404,1.3923122882843018,0.5528479218482971,0.2300472855567932,1.2880070209503174
3650,0.6096681952476501,-0.3588235676288605,1.8343708515167236,0.49928128719329834,0.31708917021751404,1.3923122882843018,0.5528479218482971,0.2300472855567932,1.2880070209503174
3660,0.6096681952476501,-0.3588235676288605,1.8343708515167236,0.49928128719329834,0.31708917021751404,1.3923122882843018,0.5528479218482971,0.2300472855567932,1.2880070209503174
3670,0.6096681952476501,-0.3588235676288605,1.8343708515167236,0.49928128719329834,0.31708917021751404,1.3923122882843018,0.5528479218482971,0.2300472855567932,1.2880070209503174
3680,0.6096681952476501,-0.3588235676288605,1.8343708515167236,0.49928128719329834,0.31708917021751404,1.3923122882843018,0.5528479218482971,0.2300472855567932,1.2880070209503174
3690,0.6096681952476501,-0.3588235676288605,1.8343708515167236,0.49928128719329834,0.31708917021751404,1.3923122882843018,0.5528479218482971,0.2300472855567932,1.2880070209503174
3700,0.6096681952476501,-0.3588235676288605,1.8343708515167236,0.49928128719329834,0.31708917021751404,1.3923122882843018,0.5528479218482971,0.2300472855567932,1.2880070209503174
3710,0.6096681952476501,-0.3588235676288605,1.8343708515167236,0.49928128719329834,0.31708917021751404,1.3923122882843018,0.5528479218482971,0.2300472855567932,1.2880070209503174
3720,0.6096681952476501,-0.3588235676288605,1.8343708515167236,0.49928128719329834,0.31708917021751404,1.3923122882843018,0.5528479218482971,0.2300472855567932,1.2880070209503174
3730,0.6096681952476501,-0.3588235676288605,1.8343708515167236,0.49928128719329834,0.31708917021751404,1.3923122882843018,0.5528479218482971,0.2300472855567932,1.2880070209503174
3740,0.6096681952476501,-0.3588235676288605,1.8343708515167236,0.49928128719329834,0.31708917021751404,1.3923122882843018,0.5528479218482971,0.2300472855567932,1.2880070209503174
3750,0.6096681952476501,-0.3588235676288605,1.8343708515167236,0.49928128719329834,0.31708917021751404,1.3923122882843018,0.5528479218482971,0.2300472855567932,1.2880070209503174
3760,0.6096681952476501,-0.3588235676288605,1.8343708515167236,0.49928128719329834,0.31708917021751404,1.3923122882843018,0.5528479218482971,0.2300472855567932,1.2880070209503174
3770,0.6096681952476501,-0.3588235676288605,1.8343708515167236,0.49928128719329834,0.31708917021751404,1.3923122882843018,0.5528479218482971,0.2300472855567932,1.2880070209503174
3780,0.6096681952476501,-0.3588235676288605,1.8343708515167236,0.49928128719329834,0.31708917021751404,1.3923122882843018,0.5528479218482971,0.2300472855567932,1.2880070209503174
3790,0.6096681952476501,-0.3588235676288605,1.8343708515167236,0.49928128719329834,0.31708917021751404,1.3923122882843018,0.5528479218482971,0.2300472855567932,1.2880070209503174
3800,0.6096681952476501,-0.3588235676288605,1.8343708515167236,0.49928128719329834,0.31708917021751404,1.3923122882843018,0.5528479218482971,0.2300472855567932,1.2880070209503174
3810,0.6096681952476501,-0.3588235676288605,1.8343708515167236,0.49928128719329834,0.31708917021751404,1.3923122882843018,0.5528479218482971,0.2300472855567932,1.2880070209503174
3820,0.6096681952476501,-0.3588235676288605,1.8343708515167236,0.49928128719329834,0.31708917021751404,1.3923122882843018,0.5528479218482971,0.2300472855567932,1.2880070209503174
3830,0.6096681952476501,-0.3588235676288605,1.8343708515167236,0.49928128719329834,0.31708917021751404,1.3923122882843018,0.5528479218482971,0.2300472855567932,1.2880070209503174
3840,0.6096681952476501,-0.3588235676288605,1.8343708515167236,0.49928128719329834,0.31708917021751404,1.3923122882843018,0.5528479218482971,0.2300472855567932,1.2880070209503174
3850,0.6096681952476501,-0.3588235676288605,1.8343708515167236,0.49928128719329834,0.31708917021751404,1.3923122882843018,0.5528479218482971,0.2300472855567932,1.2880070209503174
3860,0.6096681952476501,-0.3588235676288605,1.8343708515167236,0.49928128719329834,0.31708917021751404,1.3923122882843018,0.5528479218482971,0.2300472855567932,1.2880070209503174
3870,0.6096681952476501,-0.3588235676288605,1.8343708515167236,0.49928128719329834,0.31708917021751404,1.3923122882843018,0.5528479218482971,0.2300472855567932,1.2880070209503174
3880,0.6096681952476501,-0.3588235676288605,1.8343708515167236,0.49928128719329834,0.31708917021751404,1.3923122882843018,0.5528479218482971,0.2300472855567932,1.2880070209503174
3890,0.6096681952476501,-0.3588235676288605,1.8343708515167236,0.49928128719329834,0.31708917021751404,1.3923122882843018,0.5528479218482971,0.2300472855567932,1.2880070209503174
3900,0.6096681952476501,-0.3588235676288605,1.8343708515167236,0.49928128719329834,0.31708917021751404,1.3923122882843018,0.5528479218482971,0.2300472855567932,1.2880070209503174
3910,0.6096681952476501,-0.3588235676288605,1.8343708515167236,0.49928128719329834,0.31708917021751404,1.3923122882843018,0.5528479218482971,0.2300472855567932,1.2880070209503174
3920,0.6096681952476501,-0.3588235676288605,1.8343708515167236,0.49928128719329834,0.31708917021751404,1.3923122882843018,0.5528479218482971,0.2300472855567932,1.2880070209503174
3930,0.6096681952476501,-0.3588235676288605,1.8343708515167236,0.49928128719329834,0.31708917021751404,1.3923122882843018,0.5528479218482971,0.2300472855567932,1.2880070209503174
3940,0.6096681952476501,-0.3588235676288605,1.8343708515167236,0.49928128719329834,0.31708917021751404,1.3923122882843018,0.5528479218482971,0.2300472855567932,1.2880070209503174
3950,0.6096681952476501,-0.3588235676288605,1.8343708515167236,0.49928128719329834,0.31708917021751404,1.3923122882843018,0.5528479218482971,0.2300472855567932,1.2880070209503174
3960,0.6096681952476501,-0.3588235676288605,1.8343708515167236,0.49928128719329834,0.31708917021751404,1.3923122882843018,0.5528479218482971,0.2300472855567932,1.2880070209503174
3970,0.6096681952476501,-0.3588235676288605,1.8343708515167236,0.49928128719329834,0.31708917021751404,1.3923122882843018,0.5528479218482971,0.2300472855567932,1.2880070209503174
3980,0.6096681952476501,-0.3588235676288605,1.8343708515167236,0.49928128719329834,0.31708917021751404,1.3923122882843018,0.5528479218482971,0.2300472855567932,1.2880070209503174
3990,0.6096681952476501,-0.3588235676288605,1.8343708515167236,0.49928128719329834,0.31708917021751404,1.3923122882843018,0.5528479218482971,0.2300472855567932,1.2880070209503174
4000,0.6096681952476501,-0.3588235676288605,1.8343708515167236,0.49928128719329834,0.31708917021751404,1.3923122882843018,0.5528479218482971,0.2300472855567932,1.2880070209503174
